,name,id
0,"Kennelly,S",16555220300
1,"O'Mara,S",7004191598
2,"Tobin,K",55957834600
3,"Campbell,M",23988634300
4,"Bokde,A",6602566280
5,"McLoughlin,D",7005061686
6,"Byrne,R",56018937500
7,"Corvin,A",57217656691
8,"Ahmad,K",7202244730
9,"Carson,R",7202926065
10,"Doyle,S",7101941609
11,"O'Neill,D",7101811060
12,"Cunningham,C",7201736265
13,"Kerskens,C",6506921926
14,"Rozas,I",7004096240
15,"Farrar,G",7102939943
16,"Lawlor,B",20334798100
17,"Doherty,C",7102240088
18,"Trepel,D",54785470600
19,"Dockree,P",6508334448
20,"Kelly,C",14058373600
21,"Rowan,M",7103383672
22,"Vanneste,S",35225555700
23,"Ryan,T",23670791300
24,"Sasse,A",35803851000
25,"Naçi,L",8565340000
26,"Harkin,A",7003625060
27,"Froudist-Walsh,S",55327988700
28,"Kelly,J",35584095400
29,"Reilly,R",7102935766
30,"Jiménez-Mateos,E",36955280200
31,"Tsanov,M",16426642900
32,"Lynch,M",7401592953
33,"Romero-Ortuño,R",6506965877
34,"Lopez-Valdes,A",55775348600
35,"Ramaswami,M",36834301600
36,"Davey,G",7102000872
37,"Kenna,P",7003500444
38,"Dev,K",7004135414
39,"Di Liberto,G",56893669400
40,"Leroi,I",15757531500
41,"Tropea,D",6508358930
42,"Hardiman,O",57201275401
43,"Witney,A",6701806140
44,"Gillan,C",50161540900
45,"McCrory,C",6603910965
46,"Downer,E",6508208711
47,"Robertson,I",7202282108
48,"Harbison,J",7006388802
49,"Whelan,R",14030625500
50,"Newell,F",7004915318
51,"Mitchell,K",9036948400
52,"Kenny,R",57214210019
53,"Bishop,S",7202504841
54,"Mills,K",7202875495
55,"Caldwell,M",7101755352
56,"Cannon,M",7202419754
57,"O'Connell,R",7103138829
58,"McGrath,J",36466752800
59,"Kelly,A",7402153477
60,"Lynch,A",7102636970
61,"Cusack,R",7005681420
62,"Molloy,E",6603848328
63,"McCarthy-Jones,S",37041677700
64,"Labrador,J",6603234639
